JobTitle,Industry,JobDescription,SoftwareRequirements,HardwareSpecifications,PerformanceMetrics,SystemType
Systems Analyst,IT,"Analyze and evaluate existing systems, identify areas for improvement, and recommend system enhancements.",Systems Analysis Tools,8GB RAM,System Efficiency,On-Premises System
Bioinformatics Scientist,Science,"Analyze biological data, develop computational models, and contribute to scientific research in bioinformatics.",Bioinformatics Tools,8GB RAM,Research Contribution,High-Performance Computing (HPC)
Business Intelligence Analyst,Technology,"Analyze business data, develop dashboards and reports, and provide insights to support strategic decision-making.",Business Intelligence Tools,8GB RAM,Business Performance Metrics,Cloud-based System
Business Analyst,Finance,"Analyze business processes, identify areas for improvement, and propose solutions.",Business Analysis Tools,8GB RAM,Process Efficiency,Cloud-based System
Energy Analyst,Energy,"Analyze energy usage data, identify energy-saving opportunities, and develop energy efficiency strategies.",Energy Management Software,8GB RAM,Energy Consumption Reduction,Cloud-based System
Financial Analyst,Finance,Analyze financial data and create reports using Excel and financial modeling software.,Excel,8GB RAM,Financial Analysis Time,High-Performance Computing (HPC)
Business Analyst,Finance,"Analyze financial data, identify trends, and provide insights to support financial decision-making.",Financial Analysis Tools,8GB RAM,Financial Performance,Cloud-based System
GIS Analyst,Geospatial,"Analyze geographic data, create maps, and provide spatial analysis for various applications.",GIS Software,8GB RAM,Spatial Accuracy,On-Premises System
Data Analyst,Technology,"Analyze large datasets, generate reports, and provide data-driven insights to support decision-making.",Data Analysis Tools,8GB RAM,Data Accuracy,Cloud-based System
Data Analyst,Technology,"Analyze large datasets, generate reports, and provide data-driven insights to support decision-making.",Data Analysis Tools,8GB RAM,Data Accuracy,Cloud-based System
Marketing Analyst,Marketing,"Analyze marketing data, track campaign performance, and provide insights to optimize marketing strategies.",Marketing Analytics Tools,8GB RAM,Marketing ROI,Cloud-based System
Marketing Analyst,Marketing,"Analyze marketing data, track campaigns, and provide insights to optimize marketing strategies.",Analytics Tools,8GB RAM,Marketing ROI,Cloud-based System
Operations Analyst,Operations,"Analyze operational data, identify improvement areas, and optimize business processes.",Analytics Tools,8GB RAM,Process Efficiency,High-Performance Computing (HPC)
Sales Analyst,Sales,"Analyze sales data, generate reports, and provide insights to support sales strategies and forecasting.",Analytics Tools,8GB RAM,Sales Performance Metrics,Cloud-based System
Social Media Analyst,Marketing,"Analyze social media data, track campaign performance, and provide insights to optimize social media strategies.",Social Media Analytics Tools,4GB RAM,Social Media Engagement,Cloud-based System
Operations Analyst,Supply Chain,"Analyze supply chain data, optimize inventory levels, and improve operational efficiency.",Supply Chain Management Software,8GB RAM,Operational Metrics,Cloud-based System
Supply Chain Analyst,Logistics,"Analyze supply chain data,identify opportunities for optimization, and improve supply chain efficiency.",Supply Chain Analytics Tools,8GB RAM,Supply Chain Performance,Cloud-based System
Data Scientist,Technology,Apply statistical and machine learning techniques to analyze complex datasets and generate insights.,Python,16GB RAM,Model Accuracy,High-Performance Computing (HPC)
IT Risk Analyst,IT,"Assess and manage IT risks, develop risk mitigation strategies, and ensure data security.",Risk Management Tools,8GB RAM,Security Risk Score,Cloud-based System
IT Auditor,IT,"Assess IT systems and processes, identify risks, and recommend controls to ensure compliance and security.",Auditing Tools,8GB RAM,Compliance Score,Cloud-based System
Project Coordinator,Project Management,"Assist in project planning, coordination, and tracking progress to ensure timely delivery.",Project Management Software,4GB RAM,Project Milestone Adherence,On-Premises System
Digital Marketing Coordinator,Marketing,"Assist in the planning and execution of digital marketing campaigns, including content creation and social media management.",Digital Marketing Tools,4GB RAM,Marketing Metrics,Cloud-based System
HR Coordinator,Human Resources,"Assist with recruitment, onboarding, employee documentation, and HR administrative tasks.",HRIS Software,4GB RAM,Process Efficiency,On-Premises System
Marketing Coordinator,Marketing,"Assist with the planning and execution of marketing campaigns, including content creation and social media management.",Marketing Automation Tools,4GB RAM,Marketing Metrics,Cloud-based System
DevOps Engineer,Technology,"Automate and manage infrastructure deployment, configuration, and continuous integration/continuous deployment (CI/CD).",DevOps Tools,16GB RAM,Deployment Speed,High-Performance Computing (HPC)
Customer Success Manager,Customer Service,"Build and maintain strong customer relationships, ensure customer satisfaction and success.",CRM Software,8GB RAM,Customer Retention Rate,Cloud-based System
Research Analyst,Market Research,"Collect and analyze market data, conduct research studies, and generate insights.",Research Tools,4GB RAM,Market Insights,On-Premises System
Biochemist,Science,"Conduct biochemical research, perform experiments, and analyze results for scientific advancements.",Laboratory Software,8GB RAM,Research Output,High-Performance Computing (HPC)
Research Scientist,Science,"Conduct scientific research and experiments, analyze data, and publish research findings.",Specialized Software Tools,16GB RAM,Research Output,High-Performance Computing (HPC)
IT Trainer,IT,Conduct training sessions to educate employees on software applications and IT best practices.,Training Software,4GB RAM,Training Effectiveness,On-Premises System
UI/UX Researcher,Design,"Conduct user research, gather insights, and contribute to the design of user interfaces.",Research Tools,4GB RAM,Usability Metrics,On-Premises System
UX Researcher,Design,"Conduct user research, usability testing, and user interviews to inform product design decisions.",Research Tools,4GB RAM,User Satisfaction,On-Premises System
Clinical Research Coordinator,Healthcare,"Coordinate and manage clinical research studies, ensuring compliance and data integrity.",Clinical Research Tools,8GB RAM,Clinical Study Completion Time,On-Premises System
Logistics Coordinator,Logistics,"Coordinate and optimize the movement of goods, manage inventory, and ensure timely delivery.",Logistics Software,4GB RAM,Delivery Efficiency,On-Premises System
Project Manager,Engineering,"Coordinate and oversee the planning, execution, and delivery of engineering projects.",Project Management Software,8GB RAM,Project Completion Time,Cloud-based System
Operations Coordinator,Operations,"Coordinate day-to-day operations, manage schedules, and ensure operational efficiency.",Operations Management Tools,4GB RAM,Operational Metrics,On-Premises System
Digital Content Producer,Media,"Create and publish digital content, including articles, videos, and multimedia materials.",Content Management Systems,8GB RAM,Content Engagement,Cloud-based System
Architect,Construction,"Create architectural designs, blueprints, and construction drawings using CAD software.",CAD Software,8GB RAM,Design Accuracy,On-Premises System
Technical Writer,Technology,Create clear and user-friendly technical documentation and manuals for software products and APIs.,Documentation Tools,4GB RAM,Documentation Clarity,Cloud-based System
Content Writer,Media,Create engaging and informative content for various digital platforms and target audiences.,Content Management System,4GB RAM,Content Engagement,Cloud-based System
Product Designer,Design,Create innovative product designs and prototypes using design software and tools.,Design Software,8GB RAM,Product Usability,On-Premises System
Technical Writer,Technology,Create technical documentation and user manuals for software products and APIs.,Documentation Tools,4GB RAM,Documentation Clarity,Cloud-based System
Data Visualization Specialist,Technology,Create visual representations of data using data visualization tools and techniques.,Data Visualization Tools,4GB RAM,Data Clarity,Cloud-based System
Graphic Designer,Advertising,Create visually appealing designs for marketing materials using Adobe Creative Suite.,Adobe Creative Suite,16GB RAM,Rendering Speed,High-Performance Computing (HPC)
Product Manager,Technology,"Define and prioritize product features, gather requirements, and collaborate with development teams.",Product Management Software,8GB RAM,Product Adoption Rate,Cloud-based System
IT Trainer,Education,"Deliver technology training programs to students, faculty, and staff to enhance their digital skills.",Training Platforms,4GB RAM,Training Effectiveness,Cloud-based System
IT Trainer,Technology,"Deliver technology training sessions to employees, customers, and partners to enhance their technical skills.",Training Platforms,4GB RAM,Training Effectiveness,On-Premises System
IT Trainer,IT,"Deliver training programs on various IT topics, software applications, and IT security best practices.",Training Platforms,4GB RAM,Training Effectiveness,On-Premises System
Mechanical Engineer,Engineering,Design and analyze mechanical systems and components using CAD and simulation tools.,CAD Software,16GB RAM,Design Optimization,High-Performance Computing (HPC)
Learning and Development Specialist,Human Resources,Design and deliver training programs to enhance employee skills and professional development.,Learning Management Systems,4GB RAM,Training Effectiveness,Cloud-based System
Embedded Systems Engineer,Technology,"Design and develop embedded systems for various applications, ensuring optimal performance.",Embedded Systems Software,8GB RAM,System Responsiveness,High-Performance Computing (HPC)
Research and Development Engineer,Engineering,Design and develop innovative solutions and prototypes for new products or technologies.,Engineering Software,8GB RAM,Innovation Rate,High-Performance Computing (HPC)
IT Architect,IT,"Design and develop IT architecture, including infrastructure, systems, and integration solutions.",Architecture Design Tools,16GB RAM,Scalability,High-Performance Computing (HPC)
Software Tester,Technology,"Design and execute test cases, identify defects, and ensure the quality of software applications.",Testing Tools,4GB RAM,Defect Detection Rate,Cloud-based System
Cybersecurity Engineer,IT,"Design and implement cybersecurity measures, conduct vulnerability assessments, and mitigate cyber threats.",Cybersecurity Tools,8GB RAM,Cybersecurity Score,On-Premises System
Network Security Engineer,IT,"Design and implement network security solutions,monitor network traffic, and mitigate security threats.",Network Security Tools,8GB RAM,Network Security Score,Cloud-based System
Cloud Architect,Technology,Design and implement scalable and secure cloud infrastructure solutions using cloud platforms.,Cloud Services,16GB RAM,Scalability,High-Performance Computing (HPC)
Network Engineer,IT,Design and implement secure network infrastructure for the organization.,Cisco IOS,4GB RAM,Network Latency,On-Premises System
UX/UI Designer,Technology,Design intuitive user interfaces and create interactive prototypes using Sketch and InVision.,Sketch,8GB RAM,User Engagement,High-Performance Computing (HPC)
Data Engineer,Technology,"Design, develop, and maintain data pipelines and ETL processes.",SQL,16GB RAM,Data Processing Speed,High-Performance Computing (HPC)
Software Developer,Technology,"Design, develop, and test software applications using programming languages and frameworks.",Programming Languages,8GB RAM,Code Performance,High-Performance Computing (HPC)
Database Administrator,IT,"Design, implement, and maintain database systems, ensure data security, and optimize performance.",Database Management Tools,16GB RAM,Database Performance,High-Performance Computing (HPC)
Brand Manager,Marketing,"Develop and execute brand strategies, monitor brand performance, and drive brand growth.",Brand Management Tools,8GB RAM,Brand Awareness,Cloud-based System
Content Marketing Manager,Marketing,Develop and execute content marketing strategies to drive brand awareness and engagement.,Content Marketing Tools,4GB RAM,Content Engagement,On-Premises System
Digital Strategist,Advertising,Develop and execute digital advertising strategies to maximize brand exposure and ROI.,Digital Advertising Platforms,8GB RAM,Advertising ROI,Cloud-based System
Digital Marketing Specialist,Marketing,Develop and execute digital marketing campaigns across various online channels.,Digital Marketing Tools,4GB RAM,Conversion Rate,On-Premises System
Digital Strategist,Marketing,Develop and execute digital marketing strategies to drive brand awareness and online presence.,Digital Marketing Tools,4GB RAM,Online Engagement,Cloud-based System
Data Governance Analyst,Technology,"Develop and implement data governance frameworks, policies, and procedures for effective data management.",Data Governance Tools,8GB RAM,Data Governance Compliance,Cloud-based System
Health and Safety Officer,Healthcare,"Develop and implement health and safety policies, conduct risk assessments, and ensure compliance.",Health and Safety Software,4GB RAM,Health and Safety Compliance,On-Premises System
Human Resources Manager,Human Resources,"Develop and implement HR policies, oversee employee relations, and manage HR operations.",HRIS Software,8GB RAM,Employee Engagement,On-Premises System
Marketing Manager,Marketing,Develop and implement marketing strategies to promote the company's products or services.,Marketing Automation Software,8GB RAM,Conversion Rate,Cloud-based System
Sustainability Manager,Environmental,"Develop and implement sustainability initiatives, track environmental metrics, and ensure compliance.",Sustainability Management Software,8GB RAM,Sustainability Metrics,On-Premises System
Medical Doctor,Healthcare,"Diagnose and treat medical conditions, order tests, and maintain patient records.",Electronic Health Records,8GB RAM,Patient Outcomes,High-Performance Computing (HPC)
Pharmacist,Healthcare,"Dispense medications, provide medication counseling, and ensure accuracy and safety.",Pharmacy Management Software,8GB RAM,Medication Safety,On-Premises System
Data Privacy Officer,Technology,Ensure compliance with data protection regulations and develop data privacy policies and procedures.,Privacy Management Tools,8GB RAM,Data Privacy Compliance,Cloud-based System
Data Entry Operator,Administration,Enter and maintain accurate data records in databases or spreadsheets with attention to detail.,Data Entry Software,4GB RAM,Data Accuracy,On-Premises System
Data Entry Clerk,Administration,Enter and maintain accurate data records in databases or spreadsheets with attention to detail.,Data Entry Software,4GB RAM,Data Accuracy,Cloud-based System
IT Business Analyst,Technology,"Gather and analyze business requirements, translate them into technical specifications, and support system implementations.",Business Analysis Tools,8GB RAM,Requirement Accuracy,On-Premises System
Product Owner,Technology,"Gather requirements, prioritize features, and collaborate with development teams to deliver high-quality software products.",Agile Project Management Tools,8GB RAM,Product Delivery Time,Cloud-based System
Business Development Manager,Sales,"Identify new business opportunities, build partnerships, and drive revenue growth.",Sales CRM Software,8GB RAM,Deal Closure Rate,Cloud-based System
Data Center Technician,Technology,"Install, configure, and maintain data center infrastructure, including servers and networking equipment.",Data Center Management Tools,16GB RAM,System Uptime,High-Performance Computing (HPC)
Sales Manager,Sales,"Manage and lead a sales team, set sales targets, and drive revenue growth.",CRM Software,8GB RAM,Sales Performance Metrics,Cloud-based System
Network Administrator,IT,"Manage and maintain computer networks, troubleshoot issues, and ensure network security.",Network Management Tools,8GB RAM,Network Uptime,Cloud-based System
Network Administrator,IT,"Manage and maintain computer networks, troubleshoot network issues, and ensure network performance and security.",Network Management Tools,8GB RAM,Network Uptime,On-Premises System
Database Administrator,IT,"Manage and maintain database systems, optimize performance, and ensure data integrity and security.",Database Management Tools,16GB RAM,Database Performance,High-Performance Computing (HPC)
Systems Administrator,IT,"Manage and maintain server infrastructure, including OS updates and security patches.",Windows Server,16GB RAM,System Uptime,On-Premises System
E-commerce Manager,Retail,"Manage and optimize e-commerce platforms, drive online sales, and enhance customer experience.",E-commerce Platforms,8GB RAM,Online Conversion Rate,Cloud-based System
HR Manager,Human Resources,"Manage employee onboarding, performance evaluations, and HR policies using HRIS software.",HRIS Software,4GB RAM,Employee Satisfaction,On-Premises System
Healthcare Administrator,Healthcare,"Manage healthcare facility operations, ensure compliance, and optimize resource allocation.",Healthcare Management Software,8GB RAM,Operational Efficiency,On-Premises System
Social Media Manager,Marketing,"Manage social media accounts, create content, and engage with the audience to increase brand visibility.",Social Media Management Tools,4GB RAM,Engagement Metrics,Cloud-based System
Supply Chain Manager,Logistics,"Manage the end-to-end supply chain process, including inventory management and logistics coordination.",Supply Chain Software,8GB RAM,Order Fulfillment Time,Cloud-based System
IT Procurement Specialist,IT,"Manage the procurement of hardware and software, negotiate contracts, and ensure cost-effective purchasing.",Procurement Software,8GB RAM,Cost Savings,Cloud-based System
IT Operations Analyst,IT,"Monitor and analyze IT systems performance, identify issues, and optimize operational efficiency.",IT Operations Tools,8GB RAM,IT Systems Performance,On-Premises System
IT Security Analyst,IT,"Monitor and assess the organization's security systems, identify vulnerabilities, and implement security measures.",Security Tools,8GB RAM,Security Incident Response Time,Cloud-based System
Cybersecurity Analyst,IT,"Monitor, detect, and respond to security incidents and implement security measures.",Security Tools,8GB RAM,Incident Response Time,On-Premises System
Industrial Engineer,Manufacturing,"Optimize manufacturing processes, improve efficiency, and reduce operational costs through process analysis and improvement.",Process Optimization Tools,8GB RAM,Operational Efficiency,On-Premises System
Construction Project Manager,Construction,"Oversee construction projects, manage schedules, budgets, and ensure quality standards.",Project Management Software,8GB RAM,Project Completion Time,On-Premises System
Operations Manager,Operations,Oversee day-to-day operations and process improvement initiatives to optimize efficiency.,Process Management Software,8GB RAM,Operational Costs,Cloud-based System
IT Operations Manager,IT,"Oversee IT operations, manage infrastructure, and ensure optimal performance and availability.",IT Operations Tools,16GB RAM,System Uptime,On-Premises System
Data Center Manager,Technology,"Oversee the operation and management of data centers, ensuring uptime and efficient resource utilization.",Data Center Management Tools,16GB RAM,Data Center Efficiency,High-Performance Computing (HPC)
Data Analyst,Technology,"Perform data cleaning, analysis, and visualization using SQL and Python.",SQL,8GB RAM,Data Processing Time,Cloud-based System
Medical Laboratory Scientist,Healthcare,"Perform medical laboratory tests, analyze samples, and ensure accurate and timely results.",Laboratory Software,8GB RAM,Testing Accuracy,On-Premises System
Teacher,Education,"Plan and deliver engaging lessons to students, assess their progress, and provide feedback.",Educational Software,4GB RAM,Student Performance,On-Premises System
IT Project Manager,IT,"Plan, execute, and manage IT projects, ensuring timely delivery and adherence to project goals and requirements.",Project Management Software,8GB RAM,Project Completion Time,On-Premises System
Technical Project Manager,Technology,"Plan, execute, and manage technology projects, ensuring timely delivery and adherence to requirements.",Project Management Software,8GB RAM,Project Completion Time,Cloud-based System
Accountant,Finance,"Prepare financial statements, analyze financial data, and ensure compliance with accounting regulations.",Accounting Software,8GB RAM,Financial Accuracy,On-Premises System
Business Consultant,Management Consulting,Provide expert advice and consulting services to businesses for process improvement and strategic planning.,Business Analysis Tools,8GB RAM,Consulting Recommendations,High-Performance Computing (HPC)
IT Consultant,IT,Provide expert advice and solutions to clients for their IT infrastructure and system requirements.,Various Software Tools,8GB RAM,Client Satisfaction,High-Performance Computing (HPC)
Financial Advisor,Finance,Provide financial planning and investment advice to clients based on their financial goals.,Financial Planning Software,8GB RAM,Investment Returns,Cloud-based System
Customer Service Representative,Customer Service,Provide prompt and courteous customer support through various communication channels.,CRM Software,4GB RAM,Response Time,On-Premises System
Technical Support Specialist,Technology,"Provide technical assistance to customers, diagnose and resolve technical issues, and ensure customer satisfaction.",Technical Support Tools,4GB RAM,Customer Satisfaction,On-Premises System
IT Service Desk Analyst,IT,"Provide technical support and resolve IT issues for end-users through various channels, ensuring customer satisfaction.",Service Desk Tools,4GB RAM,Issue Resolution Time,On-Premises System
IT Support Specialist,IT,Provide technical support and troubleshoot hardware and software issues for end-users.,Help Desk Software,4GB RAM,Response Time,On-Premises System
IT Support Engineer,IT,"Provide technical support to end-users, troubleshoot hardware and software issues, and resolve technical problems.",Help Desk Software,4GB RAM,Issue Resolution Time,On-Premises System
Technical Support Engineer,IT,"Resolve technical issues and provide support to customers via phone, email, or remote assistance.",Troubleshooting Tools,4GB RAM,Issue Resolution Time,Cloud-based System
Sales Representative,Retail,Responsible for identifying and acquiring new customers and maintaining client relationships.,CRM Software,4GB RAM,Lead Conversion Rate,Cloud-based System
Customer Service Supervisor,Customer Service,"Supervise a team of customer service representatives, manage escalations, and improve service levels.",CRM Software,4GB RAM,Customer Satisfaction,Cloud-based System
Research Assistant,Academia,"Support research projects, collect data, and assist with analysis for academic studies.",Research Tools,8GB RAM,Research Contribution,On-Premises System
Quality Assurance Analyst,Technology,Test and validate software applications to ensure they meet quality standards and specifications.,Testing Frameworks,4GB RAM,Defect Detection Rate,On-Premises System
UX/UI Developer,Technology,Translate user experience (UX) and user interface (UI) designs into functional web and mobile applications.,UX/UI Design Tools,8GB RAM,User Engagement,Cloud-based System
